10735,1797,21
10460,1776,30
9762,1745,29
12669,1863,36
9705,1728,38
13019,1921,42
15506,2035,50
10544,1786,28
9819,1775,19
12764,1827,66
14371,1949,41
10039,1788,39
15355,2013,73
13755,1970,31
18134,2159,78
13154,1898,48
11181,1837,16
14673,1947,52
10602,1820,33
14727,2004,41
15103,1990,50
11100,1819,36
14070,1959,45
12159,1896,24
11992,1821,37
10060,1740,44
12022,1819,46
12207,1859,46
12770,1783,36
0,0,0
7007,1411,0
9107,1572,0
1510,1344,0
5370,1463,0
6175,1554,15
10536,1604,17
2916,1435,0
4974,1446,0
6349,1467,0
4026,1470,0
8538,1562,0
6076,1617,16
6497,1492,0
2826,1402,0
8367,1670,17
2759,1401,0
2390,1404,0
6474,1655,11
36019,2690,186
7155,1497,7
2100,1334,0
2193,1368,0
2470,1370,0
1727,1341,0
2104,1474,0
3427,1427,0
1732,1328,0
2969,1393,0
3134,1359,0
2971,1002,0
10694,3199,2
8001,2902,30
11037,3226,5
5263,2750,3
15300,3493,51
8757,3011,29
7132,2806,15
11256,3300,5
2436,2430,0
1223,2140,0
3673,2344,0
6637,2677,0
3321,2413,0
3580,2497,8
9919,3123,11
3032,2489,0
9405,3108,3
3176,2498,0
18213,3846,9
6132,2696,3
3758,2580,1
12850,3324,10
2309,2222,0
4363,2463,6
9787,3328,11
13372,3404,41
6724,2987,0
6643,3008,32
9167,2799,12
1329,1276,0
4929,1860,0
7937,2130,0
3844,1725,0
3414,1657,0
4525,1793,2
4597,1814,0
197,1366,0
8,1349,0
8054,2062,2
5372,1827,0
3570,1645,0
0,1347,0
0,1347,0
0,1347,0
4,1348,0
6907,1992,0
4920,1856,0
4014,1763,0
2573,1541,0
0,1348,0
4059,1742,0
2080,1549,0
2237,1589,0
44,1351,0
0,1347,0
0,1347,0
0,1347,0
0,1347,0
0,1347,0
0,665,0
356,2151,0
2163,2383,0
980,2221,0
0,2064,0
0,2063,0
244,2111,0
0,2063,0
0,2063,0
0,2064,0
149,2093,0
2945,2499,0
2090,2324,1
152,2100,0
3761,2638,0
0,2063,0
1675,2351,0
0,2063,0
0,2064,0
2704,2411,14
3790,2505,16
1326,2195,10
1786,2338,0
0,2063,0
2091,2383,0
1510,2229,0
0,2063,0
0,2063,0
0,2063,0
0,2063,0
0,1383,0
12024,2601,43
10690,2312,32
11034,2525,27
10100,2177,41
15112,2782,28
14131,2770,48
11548,2489,31
15112,2897,48
12453,3158,104
12954,2638,52
6001,2069,0
13481,2529,37
11369,2470,44
10119,2793,55
10159,2463,19
10140,2296,6
10245,2611,21
18387,2732,13
10538,2380,25
10379,2473,36
12183,2752,72
11768,2649,36
11895,2609,55
10227,2498,24
6708,1995,20
3292,1848,0
13379,2709,35
12798,2797,57
13272,2544,58
9117,1853,16
4993,1521,0
3335,1431,0
3821,1444,0
2547,1373,0
838,1214,0
3325,1419,0
2424,1356,0
7222,1667,0
2467,1370,0
2915,1399,0
12357,1916,0
3490,1401,0
6017,1576,0
5933,1595,0
6088,1593,0
6375,1649,0
7604,1692,0
4729,1506,0
3609,1447,0
7018,1690,0
5992,1604,0
6564,1658,0
12167,1926,0
8198,1736,0
4193,1491,0
5528,1555,0
10685,1869,0
254,1141,0
8580,1698,0
8891,1364,0
7275,2003,0
3973,1696,0
5205,1801,0
5057,1724,0
6198,1852,0
6559,1905,0
5997,1811,0
7192,1922,0
3404,1610,1
5583,1851,0
5079,1804,0
4165,1725,0
3588,1654,3
3409,1632,0
1715,1481,0
1532,1473,0
924,1410,0
4571,1779,0
772,1403,0
3634,1613,5
7443,1878,20
1201,1426,0
5202,1780,0
4878,1742,0
7379,1972,0
5161,1821,0
3090,1630,0
6227,1899,0
6424,1903,0
2661,1125,0
10352,2038,19
10129,2010,1
10465,2133,1
22244,2670,66
5472,1882,1
8247,1944,11
6711,2346,0
10999,2198,11
10080,2048,23
7804,1946,9
16901,2629,32
9471,2187,0
9482,2095,15
5980,1861,0
11423,2194,26
5439,1854,0
42,403,0
7618,2004,0
7910,1893,0
8482,2063,0
9685,2148,47
2524,1529,0
7762,1890,1
7948,1956,0
9202,2094,22
8859,1970,2
7286,2241,46
9317,2021,28
6873,1898,46
7373,1907,0
8242,1882,2
3516,1966,46
7913,1835,28
7365,1780,20
8452,1830,5
7399,1739,7
7525,1878,0
7412,1906,1
8278,2015,0
8314,1971,13
7063,1910,0
4940,1897,75
8168,2096,46
7726,1906,0
8275,1962,0
6440,1826,0
7566,1431,0
4747,1788,0
9715,2093,16
8844,2065,6
7451,1908,0
6905,1908,0
8199,1964,11
6798,2014,20
7711,1985,0
4880,1867,15
8857,2124,18
3843,1669,0
7396,1995,20
6731,1921,14
5995,2010,0
8283,2057,22
7904,2095,24
5512,1972,0
9135,2044,0
5250,1946,17
3077,1237,0
10035,1495,31
7641,1433,5
9010,1468,15
13459,1625,31
10415,1529,11
11663,1584,4
12414,1638,19
11658,1554,2
6093,1397,0
8911,1481,33
12058,1638,0
14112,1655,30
11177,1570,50
11388,1551,7
7193,1377,0
7114,1407,15
10645,1545,36
13238,1650,43
10414,1501,41
16520,1760,24
14335,1710,47
13559,1628,14
12312,1618,14
11677,1590,29
11550,1574,0
13585,1633,9
14687,1667,8
13072,1630,1
746,52,4
0,1981,0
108,2011,0
1882,2951,36
1982,3051,65
16,1990,0
62,1995,0
0,1980,0
0,1980,0
0,1980,0
0,1980,0
0,1980,0
0,1980,0
0,1980,0
0,1980,0
0,1980,0
0,1980,0
0,1980,0
0,1980,0
0,1980,0
475,2207,0
4496,2828,0
10252,3879,13
11728,3429,38
4369,2704,0
6132,2975,0
5862,3089,0
4556,2785,3
5546,2926,0
3689,2645,2
590,1120,0
5974,2306,0
0,1776,0
3984,1527,3
7753,2115,0
8204,2135,8
10210,2302,1
5664,1985,0
4744,1884,0
29,1464,0
2276,1632,1
8925,2200,0
8954,2220,0
3702,1792,0
4500,1886,1
4935,1945,0
4081,1880,1
9259,2314,0
9899,2236,8
10780,2324,6
10817,2367,13
7990,2175,6
8221,2092,6
1251,1593,0
9261,2270,0
9648,2235,8
10429,2282,8
13658,2530,27
9524,2266,6
7937,2158,3
3672,1792,0
10378,2345,2
9487,2260,3
9129,2232,3
17,257,0
10122,2955,0
10993,3092,1
8863,2998,10
8758,3066,0
6580,3073,6
4660,2572,0
11009,3274,27
10181,3015,20
10553,3083,19
10055,3069,7
12139,3544,77
13236,3306,58
10243,2885,14
12961,3288,11
9461,2929,14
11193,3074,11
10074,2969,19
9232,2979,13
12533,3283,14
10255,2926,12
10096,3147,33
12727,3290,18
12375,3162,35
9603,2899,12
13175,3425,33
22770,4022,120
17298,3934,107
10218,3013,6
10299,3061,13
10201,2954,8
3369,1623,0
2961,2095,0
3974,2194,0
7198,2496,0
3945,2180,0
2268,1933,0
6155,2248,25
2064,1954,0
2072,1974,0
3809,2150,0
6831,2432,0
4363,2149,0
5002,2247,0
3385,2070,0
6326,2291,29
7243,2361,32
4493,2203,0
4676,2196,0
6222,2363,0
5232,2246,0
6910,2336,27
7502,2421,30
2923,2070,0
3800,2120,2
4514,2211,0
5183,2123,26
7303,2423,0
5275,2281,0
3915,2181,0
9105,2499,34
768,1212,0
4978,1722,19
6799,1922,0
7795,2121,17
7289,1997,8
9634,2117,7
8940,2116,14
5401,1876,1
4803,1788,0
13743,2486,6
9601,2094,20
6890,2085,5
8563,2173,0
8095,2225,18
9148,2223,12
9557,2098,27
9451,2185,1
7833,1918,15
10319,2105,7
3428,1692,0
7891,2066,0
5267,1953,21
5232,1842,0
10611,2262,14
3755,1722,0
8237,1973,23
6543,2666,66
11451,2223,6
6435,1889,11
9108,2131,4
6307,1452,0
6877,2898,0
7860,2984,0
6506,2896,1
11140,3328,3
12692,3394,12
9105,3013,22
6708,2812,10
8793,3061,2
6530,2729,4
1664,2241,0
15126,3691,9
15050,3538,15
9167,3064,6
6108,2784,1
7047,2908,1
9023,3033,14
9930,3165,12
10144,3115,4
0,2017,0
7245,2859,5
9454,3145,0
8161,3004,4
8614,3006,8
6943,2859,1
14370,3683,5
12857,3287,9
8232,2990,0
10613,3172,1
9810,3069,10
2752,1240,0
4832,1718,0
17022,2324,61
16556,2254,58
5771,1831,0
655,1397,0
3727,1683,0
15482,2284,69
2713,1570,0
12346,2066,47
11682,2105,25
4112,1776,0
1807,1507,0
10946,2033,51
11886,2093,40
10538,1922,16
11393,1999,49
12764,2169,46
1202,1463,0
5164,1747,0
9769,1996,23
12848,2116,26
4249,1698,0
14331,2156,44
9632,1916,21
1868,1494,0
6083,1762,3
11611,2272,59
16358,2335,61
4926,1693,0
3121,741,8
8135,3405,86
5077,2551,15
8596,4022,118
12087,4005,115
14269,4274,184
12231,4552,200
9893,3625,114
12574,3501,108
8330,3192,87
10830,4018,110
9172,3329,62
7638,3152,24
15764,4392,210
6393,3374,61
5325,3088,38
6805,3294,63
9841,3580,99
7924,3544,97
12363,4501,207
13368,4546,194
7439,3014,37
11045,3795,97
5206,2755,25
7550,3004,45
4950,2643,41
0,1819,0
0,1819,0
3421,2489,34
8869,3841,104
4038,1665,45
0,1496,0
0,1496,0
0,1496,0
14019,2865,0
14450,2828,7
7150,2225,0
5153,2018,0
11135,2606,0
10449,2536,26
19542,4900,11
8206,2409,0
11495,2651,0
7623,2305,0
0,1497,0
9543,2450,0
9411,2576,0
3403,1879,0
9592,2560,0
6987,2275,0
8915,2361,0
4933,2044,0
0,1496,0
2997,1902,0
9799,2636,0
3365,1838,0
7336,2469,0
7328,2250,0
4477,1248,0
4562,2560,0
7142,2905,0
7671,2952,0
9501,2896,0
8301,2783,0
7851,3171,31
6885,2766,0
7142,2839,0
6361,2701,0
0,2060,0
6238,2796,0
0,2664,33
5896,2703,0
7802,2771,8
0,2060,0
5565,2743,0
5731,2687,0
0,2060,0
6744,2843,0
9837,3327,8
6781,2725,0
6047,2671,0
5832,2718,0
6339,2682,0
6116,2806,0
5510,2613,0
7706,2712,0
6277,2175,0
0,0,0
0,1841,0
4053,2400,17
5162,2507,14
1282,2127,0
4732,2225,36
2497,2067,5
8294,2798,30
0,1841,0
10771,3727,70
0,1841,0
637,1922,0
0,1841,0
2153,2053,11
6474,2484,33
7091,2584,42
0,1841,0
703,1993,2
0,1841,0
2503,2280,3
2487,2319,9
0,1841,0
9,1843,0
0,1841,0
0,1841,0
4697,2496,12
1967,1032,2
5652,1718,8
1551,1466,0
5563,1756,0
13217,2173,50
10145,2027,5
11404,2039,13
10742,2046,35
13928,2174,48
11835,2179,53
10725,2086,30
20031,2571,58
5029,1705,0
13239,2194,35
10433,2012,36
10320,2034,7
12627,2182,38
10762,2254,12
10081,2002,32
5454,1740,0
12912,2162,18
12109,2072,21
10147,2086,15
10524,2066,14
5908,1850,0
6815,1947,0
4188,1659,0
12342,2105,43
15448,2361,62
6722,1855,24
3587,928,0
12862,2742,56
11179,2668,34
5273,2098,0
4631,2076,0
8059,2383,0
14816,2832,48
14194,2812,53
15566,3096,60
13744,2763,30
15299,2889,64
8093,2284,2
11085,2667,0
18229,3055,51
15090,2939,16
13541,2830,50
15128,2836,16
20067,3180,55
3761,2051,0
5600,2225,0
13041,2642,64
14510,2976,58
0,1557,0
15010,2933,53
11459,2553,44
0,120,0
5813,2516,31
9123,2734,35
8585,2395,30
31,1635,0
0,1629,0
9827,2743,61
10688,2944,67
14365,2997,87
9469,2463,19
9753,2846,58
2817,1965,0
3520,2049,0
10091,2752,69
10387,2781,70
11107,2693,55
11584,2862,54
7881,2616,24
14560,2995,42
12390,2730,30
10052,2754,66
10288,2754,57
10988,2655,45
8564,2386,24
12461,2924,84
12827,2739,20
10677,2534,32
13566,2960,67
14433,2800,72
9572,2735,57
3789,1199,5
16433,3140,95
20159,3411,119
20669,3410,132
14549,2867,96
18827,3213,111
17076,3133,102
15929,3114,90
15108,3043,89
16057,3103,100
10520,2655,60
22359,3554,125
22988,3577,129
20500,3403,118
12685,2846,68
12422,2852,60
15447,3062,90
12315,2794,58
7135,2408,27
1170,1886,0
1969,1988,0
15484,3023,87
14581,2918,89
14990,2950,93
13953,2859,90
19769,3331,121
22026,3589,125
12465,2765,66
14810,2926,96
12209,2809,60
4998,1505,28
8053,1935,35
5234,1705,29
2672,1632,0
9256,1880,6
10204,2112,41
5151,1829,16
4212,1763,0
6466,1931,5
11268,2218,49
2824,1651,0
9282,2132,30
8905,1976,41
6829,1909,7
4562,1813,19
10232,2008,45
2718,1580,11
6260,1854,16
0,0,0
12386,4079,116
13318,4163,123
14461,3666,60
11207,3363,64
2132,2572,0
13630,4157,117
13070,4092,120
9388,3787,82
15148,4236,137
12200,4044,113
5709,2908,19
3703,2741,0
12405,4005,117
16208,3763,90
7359,3061,4
5417,2884,11
6175,2982,3
2946,2660,0
11419,3369,71
6064,3491,63
8712,3784,71
7875,3110,19
8567,3783,66
7045,3644,74
4468,2799,0
2943,2685,0
8382,3721,71
6582,3586,63
9143,3788,72
4561,1976,8
5014,2650,0
5571,2654,2
3135,2443,0
3430,2505,0
5319,2693,0
3008,2439,0
3864,2536,4
5697,2668,7
5273,2647,0
8538,2883,35
8687,2944,4
9423,3012,7
8286,2889,2
4503,2547,18
10499,3093,1
12474,3142,77
6174,2757,0
15168,3513,46
10085,3164,2
4512,2596,10
8469,2894,0
12015,3212,0
3588,2516,0
12427,3266,0
5843,2683,2
6117,2810,0
9217,2940,3
9877,2947,66
8240,2846,9
8701,2804,5
0,0,0
1320,1934,0
1219,1963,0
2483,2009,0
244,1721,0
0,1688,0
0,1688,0
0,1688,0
3147,2188,0
144,1720,0
4068,2419,1
5245,2748,8
400,1799,3
0,1688,0
1321,1928,0
1758,2067,0
6157,2780,0
8360,3101,6
7174,2896,10
1619,1962,0
1831,2015,0
2421,2297,0
2283,2067,0
0,1688,0
0,1688,0
0,1688,0
0,1688,0
0,1688,0
0,57,0
15337,3566,108
21129,3793,68
13422,3934,106
29326,4547,94
15118,3545,58
11423,2761,29
18785,3676,82
19948,3679,73
19377,3659,82
18258,3427,61
11200,3891,102
16674,3455,64
12986,3802,113
11101,2860,22
23629,3808,93
14890,3060,58
9733,2698,18
27745,4398,124
10930,2786,36
4790,2189,0
10818,2817,19
18193,3477,66
14055,3052,67
21727,4015,96
12332,4142,105
10686,2847,17
20226,3710,73
10733,2832,18
21420,3832,88
8064,1849,23
11004,1819,33
17609,2154,89
12736,1944,56
13231,1932,39
12041,1886,28
10970,1820,30
12256,1889,33
12262,1868,47
11248,1843,40
10016,1850,15
14557,2030,43
14844,2083,36
11974,1861,27
10198,1755,17
12521,1895,46
12432,1883,32
10057,1755,44
10990,1811,26
224,50,0
1810,1373,0
815,1264,0
1985,1350,0
1905,1342,0
1552,1300,0
1675,1313,0
4506,1498,7
9218,1541,0
1556,1327,0
2910,1452,0
18464,1574,0
1335,1308,0
1004,1276,0
1111,1278,0
6344,1409,0
3572,1370,0
3910,1555,7
10000,1469,0
6627,706,0
4636,3323,0
20237,4029,34
12912,3436,59
2819,2444,4
9921,3098,5
8046,2925,18
11166,3202,3
7842,2928,7
13840,3290,18
1329,489,0
6847,1969,9
5367,1889,0
2841,1636,0
0,1347,0
0,1347,0
7,1349,0
6344,1965,0
5316,1824,0
4979,1807,0
6556,1971,0
5430,1888,0
0,399,0
4317,2590,0
5662,2783,0
3198,2449,0
2352,2380,0
2234,2344,0
1259,2202,0
768,2130,0
519,2088,0
2523,2443,0
2105,2442,0
1209,2255,0
24,942,0
13603,2645,72
5477,2040,0
11144,2395,25
15313,2581,62
10805,2735,36
15392,2733,47
18247,3021,72
13023,2577,40
16267,2811,44
10005,2458,1
10106,2568,41
6717,1140,41
2605,1407,0
1229,1237,0
2308,1330,0
6679,1583,0
5645,1538,0
3180,1421,0
2767,1392,0
3762,1425,0
3098,1413,0
5142,1515,0
3279,1405,0
1019,600,0
0,1324,0
0,1324,0
0,1324,0
0,1324,0
4931,1708,0
6999,1950,0
1846,1508,0
3417,1625,0
4863,1772,1
2277,1530,0
11230,2206,10
2098,790,0
10272,2041,2
10533,2187,21
6760,1929,0
8328,1935,0
15459,2438,51
7485,2035,0
10254,2099,21
10114,2096,18
11107,2058,14
10320,2338,15
10209,2104,2
16081,2488,16
10078,2164,12
10001,2009,5
0,399,0
890,1335,0
2214,1559,0
7640,1845,3
9713,2046,6
8432,1953,0
7350,1910,0
9353,2035,5
7157,1944,0
14103,2257,46
5290,1724,1
7497,1741,0
0,0,0
0,1920,0
0,1920,0
0,1920,0
0,4562,0
4126,2881,0
0,1920,0
0,1920,0
2063,1144,0
5785,1852,0
7625,2069,24
4706,1816,0
5861,1878,20
4460,1787,0
6406,2010,17
7392,2038,14
5551,1815,0
8827,2062,21
4662,1276,22
4499,1288,0
7618,1490,0
11508,1630,29
11943,1648,16
12303,1649,26
15425,1783,24
8422,1431,0
10226,1524,0
14583,1697,35
3573,1232,15
3108,1223,1
759,182,0
5543,2990,0
3226,2480,0
3023,2570,0
5906,3016,0
12483,3830,25
8940,3706,0
368,2024,0
5702,2980,0
10330,3728,0
8778,3348,0
6662,3162,0
6309,3140,0
1951,1980,0
5563,3681,0
4370,3444,0
7144,3510,0
2106,4010,31
4152,2976,0
5400,3418,0
7428,3439,18
5351,3338,15
4299,2892,3
6107,3313,0
6429,3118,0
6880,2966,7
7476,3253,0
6581,3032,0
10480,4034,6
7734,3264,20
5129,2817,5
2993,2507,0
8,446,0
0,1777,0
0,1777,0
8433,2453,30
0,1776,0
2139,1935,0
0,1776,0
949,1870,0
0,1777,0
44,1782,0
2660,1978,0
5561,2296,0
7239,2484,7
7,1787,0
0,1776,0
0,1776,0
2275,2005,0
8,1778,0
5137,2293,0
5419,2259,0
0,1776,0
0,1776,0
0,1776,0
0,1776,0
0,1776,0
0,1776,0
18,1780,0
4,1778,0
8426,2360,2
1650,1952,0
3434,2101,1
6801,2393,0
187,538,0
5643,1958,3
9043,2141,4
8144,2129,4
9343,2216,14
8405,2154,15
8223,2178,12
10067,2308,5
8359,2201,3
10946,2341,8
9130,2236,7
6544,2069,4
0,0,0
0,1878,0
0,1878,0
0,1878,0
0,1878,0
0,1878,0
0,1878,0
0,1878,0
0,1296,0
2303,2010,0
2600,2032,0
4804,2227,0
3271,2133,0
5406,2317,0
3146,2058,0
2422,1935,0
4239,2217,1
6911,2374,28
6667,2335,24
5543,2303,0
4195,2210,0
6625,2424,0
5986,2297,23
278,745,0
5336,1902,0
3183,1680,0
6176,1901,1
8205,2078,0
6799,1876,24
5668,1853,0
7998,2235,27
4195,1778,0
5512,1882,0
6263,1906,0
8828,2149,0
1260,722,0
6506,2886,4
7583,2915,3
6963,2895,0
7165,2923,0
10328,3323,0
12116,3357,3
7810,2931,6
6670,2848,15
7605,2943,4
6585,2822,0
8184,2981,0
14002,3597,8
11135,3224,1
6499,2677,0
0,0,0
12409,2142,51
2937,1615,0
1515,1481,0
8921,1892,27
11306,2086,40
12252,2044,33
15444,2249,51
9938,2019,38
4599,1692,0
5594,1712,4
11906,2065,32
3436,633,7
10461,3625,99
14873,4430,202
9917,3427,58
7401,3492,70
8964,3597,107
11080,3765,83
4499,2775,31
4363,2486,8
10494,3817,123
9776,3378,80
2862,1511,39
7444,2210,0
19658,2884,3
0,1496,0
8468,2262,2
9910,2445,0
12409,2694,0
4853,1903,0
8955,2482,0
10789,2617,0
0,0,0
6633,2778,0
9548,3119,25
0,2664,33
0,2060,0
0,2060,0
0,2060,0
0,2060,0
0,2060,0
0,2060,0
0,735,20
0,1820,0
2101,2224,46
0,1820,0
0,1820,0
9766,2442,0
165,1849,0
0,1822,0
0,1820,0
0,251,0
7225,3065,25
1988,2207,0
1577,1977,1
0,1841,0
9348,4286,56
11761,3920,24
13987,3856,46
4131,2584,27
14,787,0
15491,2244,18
14097,2188,50
10467,2014,9
12437,2115,50
12307,2055,14
18952,2437,73
12010,2158,38
12480,2170,55
13417,2244,45
14400,2188,27
12495,2231,33
10148,2100,19
12362,2188,21
5893,917,43
11680,2573,50
10976,2575,9
16806,3086,104
15266,2886,70
12084,2676,50
13513,2811,64
14100,2840,61
12627,2871,54
10345,2613,2
10146,2700,1
12168,2871,18
7413,1023,53
11463,2496,38
87,1641,0
1949,1794,3
6101,2421,31
7478,2439,25
7352,2233,19
14604,2862,76
9634,2752,50
7338,2519,27
569,1799,0
6242,2543,46
430,625,0
20188,3377,124
25701,3697,165
17395,3209,100
17167,3167,98
16435,3122,100
17078,3176,101
11693,2790,60
11159,2715,59
10118,2684,30
16064,3097,96
290,791,0
0,1429,0
0,1429,0
0,1429,0
0,1429,0
0,1429,0
1931,1607,0
5181,1776,15
12026,2162,47
5360,1832,8
2545,1657,0
1636,1377,0
0,0,0
14179,3669,73
3358,2702,0
9152,3304,25
13935,4234,105
12846,4128,113
9124,3798,55
9725,3839,83
8350,3713,72
2240,2606,0
2631,2624,0
8837,3775,74
3246,1882,65
2174,2360,0
3494,2517,0
2380,2400,0
3159,2462,0
6835,2786,5
2098,2354,0
2816,2437,0
1408,1814,0
4592,2260,4
8452,3004,9
7238,2667,2
3821,2229,0
2332,2100,1
2121,2114,0
1291,1961,0
1467,1953,2
1022,1890,0
4605,2253,0
178,1725,0
20,728,0
18700,3527,67
27572,4220,116
15260,3864,106
20779,3662,78
10695,2834,10
24136,4039,87
10910,2947,32
23014,4196,70
16470,3841,90
28497,4526,128
10622,2820,18
2350,938,0
